"Date","RegionName","State","SizeRank","Zri","MoM","QoQ","YoY","ZriRecordCnt"
2019-06-30,"United States",,0,1483,0.00270453008789723,0.00610583446404342,0.0298611111111111,100223371
2019-06-30,"New York, NY","NY",1,2407,-0.00248653128885205,-0.00496072757337743,0.0134736842105263,5001719
2019-06-30,"Los Angeles-Long Beach-Anaheim, CA","CA",2,2836,0.000352733686067019,0,0.0305232558139535,2951304
2019-06-30,"Chicago, IL","IL",3,1713,0.00587199060481503,0.013010053222945,0.0464263897373244,3131944
2019-06-30,"Dallas-Fort Worth, TX","TX",4,1661,0.00605693519079346,0.0109555690809495,0.0413793103448276,1872410
2019-06-30,"Philadelphia, PA","PA",5,1614,0.00186219739292365,0.00373134328358209,0.0299936183790683,2024779
2019-06-30,"Houston, TX","TX",6,1588,0.00126103404791929,0.00252525252525253,0.0251775338928341,1764178
2019-06-30,"Washington, DC","DC",7,2185,0.00275355667737494,0.00552231937413714,0.024859287054409,1886514
2019-06-30,"Miami-Fort Lauderdale, FL","FL",8,1938,0.00206825232678387,0.0078003120124805,0.0419354838709678,2395823
2019-06-30,"Atlanta, GA","GA",9,1475,0.00889192886456908,0.0193503800967519,0.0581061692969871,1841120
2019-06-30,"Boston, MA","MA",10,2433,0.00745341614906832,0.015866388308977,0.0296233601354211,1484769
2019-06-30,"San Francisco, CA","CA",11,3466,0.00231347599768652,0.00463768115942029,0.0197116799058547,1233565
2019-06-30,"Detroit, MI","MI",12,1233,0.0032546786004882,0.00570962479608483,0.0326633165829146,1658627
2019-06-30,"Riverside, CA","CA",13,2017,0.00648702594810379,0.0145875251509054,0.0632577754348972,1189087
2019-06-30,"Phoenix, AZ","AZ",14,1480,0.0109289617486339,0.0235131396957123,0.0842490842490843,1462212
2019-06-30,"Seattle, WA","WA",15,2259,0.00623608017817372,0.0116435288849082,0.0381433823529412,1160162
2019-06-30,"Minneapolis-St Paul, MN","MN",16,1711,0.00293083235638921,0.00647058823529412,0.0452046426389737,1140876
2019-06-30,"San Diego, CA","CA",17,2673,0.00488721804511278,0.00982244049867775,0.0519480519480519,822214
2019-06-30,"St. Louis, MO","MO",18,1169,0.00515907136715391,0.00949913644214162,0.0263388937664618,1036657
2019-06-30,"Tampa, FL","FL",19,1465,0.00756533700137552,0.0159500693481276,0.05471562275018,1079990
2019-06-30,"Baltimore, MD","MD",20,1748,-0.00171330668189606,-0.00285225328009127,0.00459770114942529,980944
2019-06-30,"Denver, CO","CO",21,2142,0.00752587017873942,0.0161290322580645,0.043351193375548,874456
2019-06-30,"Pittsburgh, PA","PA",22,1108,0.00271493212669683,0.00544464609800363,0.0240295748613678,862142
2019-06-30,"Portland, OR","OR",23,1895,0.00637280934678704,0.0133689839572193,0.0326975476839237,715791
2019-06-30,"Charlotte, NC","NC",24,1360,0.00591715976331361,0.0134128166915052,0.0518174787316319,864390
2019-06-30,"Sacramento, CA","CA",25,1936,0.00467047223663726,0.0109660574412533,0.0510314875135722,655943
2019-06-30,"San Antonio, TX","TX",26,1388,0.00506879073135409,0.0146198830409357,0.04047976011994,647839
2019-06-30,"Orlando, FL","FL",27,1554,0.00712896953985742,0.0150228608752449,0.0739460953697305,765245
2019-06-30,"Cincinnati, OH","OH",28,1309,0.00306513409961686,0.00306513409961686,0.0266666666666667,700351
2019-06-30,"Cleveland, OH","OH",29,1176,0.00426985482493595,0.00944206008583691,0.0315789473684211,726269
2019-06-30,"Kansas City, MO","MO",30,1309,0.00460475825019187,0.0108108108108108,0.0347826086956522,691454
2019-06-30,"Las Vegas, NV","NV",31,1435,0.0119887165021157,0.0279369627507163,0.100460122699387,674387
2019-06-30,"Columbus, OH","OH",32,1380,0.00436681222707424,0.012472487160675,0.0337078651685393,641399
2019-06-30,"Indianapolis, IN","IN",33,1244,0.00403551251008878,0.00728744939271255,0.040133779264214,709300
2019-06-30,"San Jose, CA","CA",34,3611,0.00781468043538934,0.0163242330424993,0.0320091454701343,466524
2019-06-30,"Austin, TX","TX",35,1737,0.00754060324825986,0.0193661971830986,0.033313503866746,536792
2019-06-30,"Virginia Beach, VA","VA",36,1449,0.00069060773480663,0.00138217000691085,0.028388928317956,561960
2019-06-30,"Nashville, TN","TN",37,1536,0.00523560209424084,0.0118577075098814,0.0308724832214765,633800
2019-06-30,"Providence, RI","RI",38,1687,-0.00118413262285376,-0.00471976401179941,0.0107849011384062,498746
2019-06-30,"Milwaukee, WI","WI",39,1319,-0.00377643504531722,-0.0134629768137622,-0.00226928895612708,408597
2019-06-30,"Jacksonville, FL","FL",40,1426,0.00991501416430595,0.0222222222222222,0.0657698056801196,488373
2019-06-30,"Memphis, TN","TN",41,1124,0.0017825311942959,0.0017825311942959,0.0283623055809698,445222
2019-06-30,"Oklahoma City, OK","OK",42,1130,0.00983020554066131,0.0254083484573503,0.0347985347985348,472034
2019-06-30,"Louisville-Jefferson County, KY","KY",43,1199,0.000834724540901503,0.00250836120401338,0.00925925925925926,552837
2019-06-30,"Hartford, CT","CT",44,1584,-0.0075187969924812,-0.0124688279301746,0.00827498408656906,397877
2019-06-30,"Richmond, VA","VA",45,1435,0.00209497206703911,0.00490196078431373,0.0323741007194245,453167
2019-06-30,"New Orleans, LA","LA",46,1401,-0.00426439232409382,-0.0133802816901408,0.0226277372262774,395740
2019-06-30,"Buffalo, NY","NY",47,1208,-0.00657894736842105,-0.0138775510204082,0.00750625521267723,361033
2019-06-30,"Raleigh, NC","NC",48,1486,0.00677506775067751,0.0178082191780822,0.0340988169798191,412011
2019-06-30,"Birmingham, AL","AL",49,1114,0.0027002700270027,0.0081447963800905,0.0629770992366412,410394
2019-06-30,"Salt Lake City, UT","UT",50,1620,0.00123609394313968,0.00247524752475248,0.0233733417561592,344134
2019-06-30,"Rochester, NY","NY",51,1422,0.00423728813559322,0.00708215297450425,0.0471281296023564,329050
2019-06-30,"Grand Rapids, MI","MI",52,1378,0.0043731778425656,0.00730994152046783,0.0260610573343261,350653
2019-06-30,"Tucson, AZ","AZ",53,1273,0.0103174603174603,0.0224899598393574,0.0626043405676127,311717
2019-06-30,"Urban Honolulu, HI","HI",54,2413,0.00207641196013289,0.00457951706910908,0.0285592497868713,279827
2019-06-30,"Tulsa, OK","OK",55,1043,0.00384985563041386,0.00772946859903382,0.0503524672708963,341781
2019-06-30,"Fresno, CA","CA",56,1393,0.00868935553946416,0.0220102714600147,0.0426646706586826,224914
2019-06-30,"Worcester, MA","MA",57,1635,-0.00183150183150183,-0.0036563071297989,0.0283018867924528,287016
2019-06-30,"Stamford, CT","CT",58,2295,0.00262123197903014,0.00834797891036907,0.0141405214317278,295449
2019-06-30,"Albuquerque, NM","NM",59,1238,0.00324149108589951,0.00814332247557003,0.0333889816360601,298057
2019-06-30,"Albany, NY","NY",60,1543,0.00325097529258778,0.00521172638436482,-0.00129449838187702,261747
2019-06-30,"Omaha, NE","NE",61,1340,0.0029940119760479,0.00903614457831325,0.0363495746326373,448448
2019-06-30,"New Haven, CT","CT",62,1609,-0.00862600123228589,-0.0183038438071995,0.00688360450563204,272709
2019-06-30,"Bakersfield, CA","CA",63,1333,0.0121488230827639,0.0253846153846154,0.0496062992125984,214467
2019-06-30,"Knoxville, TN","TN",64,1183,0.00680851063829787,0.0163230240549828,0.0359019264448336,345690
2019-06-30,"Greenville, SC","SC",65,1244,0.00161030595813205,0.0032258064516129,0.00647249190938511,275326
2019-06-30,"Ventura, CA","CA",66,2820,0.00248844649840028,0.00427350427350427,0.0276967930029155,221309
2019-06-30,"Allentown, PA","PA",67,1453,-0.00615595075239398,-0.0135777325186694,0.00902777777777778,277425
2019-06-30,"El Paso, TX","TX",68,1001,0.001,0.001,0.0266666666666667,211806
2019-06-30,"Baton Rouge, LA","LA",69,1319,0.000758725341426404,0.00151860288534548,-0.0156716417910448,251338
2019-06-30,"Dayton, OH","OH",70,1037,0.0136852394916911,0.0297914597815293,0.0927291886195996,285659
2019-06-30,"McAllen, TX","TX",71,967,-0.0162767039674466,-0.031062124248497,0.00624349635796046,184255
2019-06-30,"Columbia, SC","SC",72,1165,0.00604490500863558,0.014808362369338,0.0600545950864422,274523
2019-06-30,"Greensboro, NC","NC",73,1033,-0.0028957528957529,-0.0189933523266857,0.0977683315621679,263072
2019-06-30,"Akron, OH","OH",74,1135,0.00531443755535872,0.0179372197309417,0.0422405876951331,246324
2019-06-30,"North Port-Sarasota-Bradenton, FL","FL",75,1815,-0.00219901044529962,0.0033167495854063,0.0072142064372919,350398
2019-06-30,"Little Rock, AR","AR",76,1042,0.00871248789932236,0.0235756385068762,0.0461847389558233,244958
2019-06-30,"Stockton, CA","CA",77,1752,0.0109636468551645,0.0239625949736996,0.0631067961165049,174613
2019-06-30,"Charleston, SC","SC",78,1676,0.00842358604091456,0.0188449848024316,0.0507836990595611,247181
2019-06-30,"Syracuse, NY","NY",79,1319,-0.00452830188679245,-0.0156716417910448,0.0280592361652377,198251
2019-06-30,"Colorado Springs, CO","CO",80,1593,0.00822784810126582,0.0204996796925048,0.0384615384615385,223584
2019-06-30,"Winston-Salem, NC","NC",81,1119,0.0017905102954342,0.0017905102954342,0.0801158301158301,242732
2019-06-30,"Wichita, KS","KS",82,973,0.00102880658436214,0.00933609958506224,0.0406417112299465,215209
2019-06-30,"Springfield, MA","MA",83,1601,-0.0080545229244114,-0.0195958358848745,0.0031328320802005,181740
2019-06-30,"Fort Myers, FL","FL",84,1644,-0.00060790273556231,0.000608642726719416,0.0116923076923077,339175
2019-06-30,"Boise City, ID","ID",85,1392,0.0145772594752187,0.0326409495548961,0.104761904761905,207439
2019-06-30,"Toledo, OH","OH",86,960,-0.00826446280991736,-0.0163934426229508,-0.0214067278287462,213847
2019-06-30,"Madison, WI","WI",87,1499,0.00604026845637584,0.0190346702923182,0.0482517482517483,219544
2019-06-30,"Lakeland, FL","FL",88,1311,0.0123552123552124,0.0306603773584906,0.0606796116504854,190712
2019-06-30,"Ogden, UT","UT",89,1541,0.0078482668410726,0.0191798941798942,0.0731197771587744,184572
2019-06-30,"Daytona Beach, FL","FL",90,1451,0.00624133148404993,0.0139762403913347,0.0476534296028881,252445
2019-06-30,"Des Moines, IA","IA",91,1321,0.00379939209726444,0.007627765064836,0.0192901234567901,209054
2019-06-30,"Jackson, MS","MS",92,1244,0.00403551251008878,0.0122050447518308,0.00484652665589661,178839
2019-06-30,"Youngstown, OH","OH",93,834,0.00120048019207683,0.00846432889963724,0.0503778337531486,209568
2019-06-30,"Augusta, GA","GA",94,955,0.0105820105820106,0.0213903743315508,0.0116525423728814,230587
2019-06-30,"Scranton, PA","PA",95,947,-0.0125130344108446,-0.0237113402061856,-0.0424671385237614,203582
2019-06-30,"Harrisburg, PA","PA",96,1296,-0.0023094688221709,-0.00307692307692308,0.0188679245283019,183262
2019-06-30,"Melbourne, FL","FL",97,1489,0.00812457684495599,0.0226648351648352,0.0666189111747851,237680
2019-06-30,"Chattanooga, TN","TN",98,1224,0.00492610837438424,0.0140845070422535,0.0242677824267782,200948
2019-06-30,"Spokane, WA","WA",99,1386,0.013899049012436,0.0274277242401779,0.071097372488408,176711
2019-06-30,"Provo, UT","UT",100,1505,0.00266489007328448,0.00736278447121821,0.0287081339712919,146766
2019-06-30,"Lancaster, PA","PA",101,1230,-0.00324149108589951,-0.00726392251815981,0.0284280936454849,150978
2019-06-30,"Modesto, CA","CA",102,1580,0.00636942675159236,0.0160771704180064,0.0972222222222222,132015
2019-06-30,"Durham, NC","NC",103,1447,0.00555941626129257,0.0154385964912281,0.0365329512893983,160714
2019-06-30,"Santa Rosa, CA","CA",104,2797,-0.00142806140664049,-0.00320741268709907,-0.0305025996533796,144828
2019-06-30,"Lexington, KY","KY",105,1202,-0.00166112956810631,0.000832639467110741,0.0134907251264755,168483
2019-06-30,"Lafayette, LA","LA",106,1106,-0.0160142348754448,-0.0374238468233246,-0.046551724137931,135889
2019-06-30,"Lansing, MI","MI",107,1141,-0.0155306298533218,-0.0467836257309941,-0.0189165950128977,144350
2019-06-30,"Fayetteville, AR","AR",108,1183,0.00938566552901024,0.0224719101123596,0.037719298245614,149206
2019-06-30,"Pensacola, FL","FL",109,1242,0.00811688311688312,0.0239076669414674,0.06426735218509,168719
2019-06-30,"Visalia, CA","CA",110,1234,0.0008110300081103,0.00406834825061025,0.0343671416596815,112450
2019-06-30,"Shreveport, LA","LA",111,991,-0.0139303482587065,-0.0350535540408958,0.00303643724696356,145917
2019-06-30,"Springfield, MO","MO",112,866,0.00580720092915215,0.0128654970760234,0.0535279805352798,125858
2019-06-30,"York, PA","PA",113,1296,-0.00307692307692308,-0.00537221795855718,0.0434782608695652,146012
2019-06-30,"Corpus Christi, TX","TX",114,1362,-0.0043859649122807,-0.00945454545454546,-0.00292825768667643,141857
2019-06-30,"Reno, NV","NV",115,1786,0.00676437429537768,0.016505406943654,0.0568047337278106,140232
2019-06-30,"Asheville, NC","NC",116,1450,0.00346020761245675,0.00974930362116992,0.0401721664275466,160858
2019-06-30,"Port St. Lucie, FL","FL",117,1619,0.0043424317617866,0.00935162094763092,0.0451904454486766,196688
2019-06-30,"Huntsville, AL","AL",118,1201,0.0126475548060708,0.0309012875536481,0.0948040109389243,133798
2019-06-30,"Fort Wayne, IN","IN",119,1109,0,0.0027124773960217,0.00909918107370337,142214
2019-06-30,"Salinas, CA","CA",120,2714,0.0153385708941264,0.0386528893991581,0.0965656565656566,88758
2019-06-30,"Vallejo, CA","CA",121,2272,0.00798580301685892,0.0183774092335276,0.0676691729323308,124637
2019-06-30,"Mobile, AL","AL",122,959,-0.00208116545265349,0,0.0401301518438178,139698
2019-06-30,"Reading, PA","PA",123,1298,0.00231660231660232,0.0109034267912773,0.0442477876106195,115388
2019-06-30,"Brownsville, TX","TX",124,935,0.00645855758880517,0.019629225736096,-0.00319829424307036,129782
2019-06-30,"Killeen, TX","TX",125,1035,0.00290697674418605,0.00290697674418605,0.0412474849094567,126666
2019-06-30,"Canton, OH","OH",126,925,-0.00963597430406852,-0.0252897787144363,-0.0159574468085106,143592
2019-06-30,"Beaumont, TX","TX",127,1171,-0.00930626057529611,-0.0233527939949958,-0.0225375626043406,131630
2019-06-30,"Manchester, NH","NH",128,1852,0.00270709258256632,0.0037940379403794,0.0481041312959819,150800
2019-06-30,"Salem, OR","OR",129,1570,0.00319488817891374,0.0109465550547328,0.0487641950567802,104478
2019-06-30,"Anchorage, AK","AK",130,1758,0.00228050171037628,0.005720823798627,0.0132564841498559,108069
2019-06-30,"Davenport, IL","IL",131,1028,0.0249252243270189,0.0674974039460021,0.0786988457502623,141052
2019-06-30,"Myrtle Beach, SC","SC",132,1294,-0.000772200772200772,0,0.0352,246080
2019-06-30,"Montgomery, AL","AL",133,930,-0.0053475935828877,-0.0116896918172157,-0.0106382978723404,147792
2019-06-30,"Salisbury, MD","DE",134,1370,0.0133136094674556,0.0231516056758775,0.0223880597014925,199843
2019-06-30,"Gulfport, MS","MS",135,1052,0.0019047619047619,0.00285986653956149,0.047808764940239,121965
2019-06-30,"Tallahassee, FL","FL",136,1277,0.0118858954041204,0.0281803542673108,0.0650542118432027,103312
2019-06-30,"Trenton, NJ","NJ",137,1918,0.00471451021477213,0.0105374077976818,0.0100052659294365,114870
2019-06-30,"Fayetteville, NC","NC",138,908,0.00553709856035437,0.012263099219621,0.0202247191011236,116588
2019-06-30,"Hickory, NC","NC",139,1012,0,0.00297324083250743,0.0675105485232067,166277
2019-06-30,"Huntington, WV","WV",140,904,-0.0055005500550055,-0.0131004366812227,-0.0109409190371991,118546
2019-06-30,"Eugene, OR","OR",141,1478,0.00818553888130969,0.0193103448275862,0.0564689063616869,94958
2019-06-30,"Rockford, IL","IL",142,1147,0.00349956255468067,0.0096830985915493,0.101825168107589,114692
2019-06-30,"Savannah, GA","GA",143,1321,0.0114854517611026,0.0216550657385924,0.0450949367088608,126706
2019-06-30,"Ann Arbor, MI","MI",144,1846,0.00217155266015201,0.00489929232444202,-0.0128342245989305,113909
2019-06-30,"Ocala, FL","FL",145,1195,0.00504625735912532,0.0144312393887946,0.0482456140350877,121341
2019-06-30,"Kalamazoo, MI","MI",146,1268,0,0.00157977883096367,0.0610878661087866,121159
2019-06-30,"South Bend, IN","IN",147,1018,0.00394477317554241,0.00692383778437191,0.0582120582120582,127540
2019-06-30,"Spartanburg, SC","SC",148,1126,0.00986547085201794,0.0199275362318841,0.030192131747484,103685
2019-06-30,"Evansville, IN","IN",149,1007,0.007,0.00901803607214429,0.0151209677419355,115918
2019-06-30,"Kingsport, TN","TN",150,1012,-0.00589390962671906,-0.00686947988223749,0.0630252100840336,113057
2019-06-30,"Roanoke, VA","VA",151,1152,-0.0103092783505155,-0.027027027027027,0.00875656742556918,130165
2019-06-30,"Lincoln, NE","NE",152,1334,0.00679245283018868,0.0190985485103132,0.0341085271317829,93729
2019-06-30,"Fort Collins, CO","CO",153,1798,0.00954519932622122,0.0239179954441913,0.0351180195739781,116298
2019-06-30,"Columbus, GA","GA",154,913,-0.00218579234972678,-0.00436205016357688,0.0246913580246914,91953
2019-06-30,"Boulder, CO","CO",155,2318,0.00476809709579541,0.010462074978204,0.0394618834080717,107074
2019-06-30,"Lubbock, TX","TX",156,1173,0.00946643717728055,0.0182291666666667,0.0289473684210526,87371
2019-06-30,"Erie, PA","PA",157,1022,0.022,0.0623700623700624,0.0860786397449522,83092
2019-06-30,"Fort Smith, AR","AR",158,820,-0.0191387559808612,-0.0341578327444052,-0.0341578327444052,78851
2019-06-30,"Duluth, MN","MN",159,1139,0.000878734622144112,0.00440917107583774,-0.00956521739130435,117362
2019-06-30,"Atlantic City, NJ","NJ",160,1503,0.00804828973843058,0.0210597826086957,0.0387007601935038,112952
2019-06-30,"New London, CT","CT",161,1488,0.00269541778975741,0.00337154416722859,0.00813008130081301,94286
2019-06-30,"San Luis Obispo, CA","CA",162,2498,0.00482703137570394,0.0101091791346543,0.0229320229320229,87808
2019-06-30,"Gainesville, FL","FL",163,1387,0.00946142649199418,0.0243722304283604,0.0735294117647059,74546
2019-06-30,"Santa Cruz, CA","CA",164,3142,0.00255264837268666,0.00640614990390775,0.0487316421895861,64144
2019-06-30,"Clarksville, TN","TN",165,1035,0.00583090379008746,0.0176991150442478,0.0593654042988741,92007
2019-06-30,"Cedar Rapids, IA","IA",166,1133,0.00711111111111111,0.0198019801980198,0.0017683465959328,105961
2019-06-30,"Merced, CA","CA",167,1384,0.00727802037845706,0.0191458026509573,0.0762052877138414,60851
2019-06-30,"Wilmington, NC","NC",168,1476,0.00957592339261286,0.0264255910987483,0.103139013452915,116874
2019-06-30,"Kennewick, WA","WA",169,1512,0.0120481927710843,0.0250847457627119,0.0507296733842947,76894
2019-06-30,"Greeley, CO","CO",170,1756,0.00861573808156232,0.0185614849187935,0.0681265206812652,92838
2019-06-30,"Waco, TX","TX",171,1173,-0.0084530853761623,-0.0216847372810676,0.02,74594
2019-06-30,"Olympia, WA","WA",172,1732,0.0087361677344205,0.0188235294117647,0.0573870573870574,91754
2019-06-30,"Amarillo, TX","TX",173,1176,0.00426985482493595,0.00684931506849315,-0.0117647058823529,79611
2019-06-30,"Binghamton, NY","NY",174,1096,-0.0343612334801762,-0.0632478632478632,-0.0897009966777409,73155
2019-06-30,"Hagerstown, WV","MD",175,1222,0.00246103363412633,0.00576131687242798,0.0260285474391268,89343
2019-06-30,"Bremerton, WA","WA",176,1873,0.0124324324324324,0.0313876651982379,0.0845396641574986,85614
2019-06-30,"Laredo, TX","TX",177,1161,0.00519480519480519,0.00868809730668984,0.0525838621940163,57292
2019-06-30,"Lynchburg, VA","VA",178,1125,-0.00618374558303887,-0.0174672489082969,0.0245901639344262,82954
2019-06-30,"Yakima, WA","WA",179,1196,0.00335570469798658,0.00928270042194093,0.0418118466898955,66377
2019-06-30,"Topeka, KS","KS",180,965,-0.00412796697626419,-0.0010351966873706,0.0616061606160616,80288
2019-06-30,"Macon-Bibb County, GA","GA",181,1007,0.00398803589232303,0.0130784708249497,0.0171717171717172,64129
2019-06-30,"Champaign-Urbana, IL","IL",182,1139,-0.00175284837861525,-0.00175284837861525,0.0079646017699115,72389
2019-06-30,"Tuscaloosa, AL","AL",183,1239,-0.00481927710843374,-0.00641539695268645,0.00323886639676113,102104
2019-06-30,"College Station, TX","TX",184,1404,-0.00142247510668563,0.00357398141529664,0.00357398141529664,57073
2019-06-30,"Sioux Falls, SD","SD",185,1189,-0.00167926112510495,-0.00502092050209205,0.00933786078098472,62240
2019-06-30,"Charleston, WV","WV",186,813,-0.0121506682867558,-0.0332936979785969,-0.0854893138357705,111902
2019-06-30,"Chico, CA","CA",187,1584,0.0219354838709677,0.0490066225165563,0.0954356846473029,61222
2019-06-30,"Charlottesville, VA","VA",188,1557,0.00322164948453608,0.00646412411118293,0.0737931034482759,80929
2019-06-30,"Claremont, NH","NH",189,1520,0.00529100529100529,0.0086264100862641,0.0681658468025299,97341
2019-06-30,"Barnstable Town, MA","MA",190,2027,0.0368286445012788,0.0862808145766345,0.121128318584071,151741
2019-06-30,"Longview, TX","TX",191,1202,0.00166666666666667,0.000832639467110741,0.0134907251264755,54816
2019-06-30,"Prescott, AZ","AZ",192,1594,0.00758533501896334,0.017230376515635,0.0310478654592497,80094
2019-06-30,"Tyler, TX","TX",193,1237,0.00161943319838057,0.0032441200324412,0.0155993431855501,61095
2019-06-30,"Las Cruces, NM","NM",194,1046,0.00770712909441233,0.0165208940719145,0.0295275590551181,55570
2019-06-30,"Fargo, ND","ND",195,1377,0.0132450331125828,0.0322338830584708,0.0600461893764434,54494
2019-06-30,"Rochester, MN","MN",196,1392,0.00143884892086331,0.00650759219088937,0.0625954198473282,80046
2019-06-30,"Florence, SC","SC",197,1006,0.00199203187250996,0.00700700700700701,0.0679405520169851,75024
2019-06-30,"Medford, OR","OR",198,1555,0.00193298969072165,0.00387346675274371,0.0170045781556573,51461
2019-06-30,"Lafayette-West Lafayette, IN","IN",199,1150,0.00349040139616056,0.00788781770376862,0.0473588342440801,57523
2019-06-30,"Bellingham, WA","WA",200,1781,0.00849377123442809,0.0194619347452776,0.151260504201681,72199
2019-06-30,"Lake Havasu City, AZ","AZ",201,1265,0.012,0.0218093699515347,0.0259529602595296,73909
2019-06-30,"Johnson City, TN","TN",202,959,-0.00415368639667705,-0.0133744855967078,0.0311827956989247,87536
2019-06-30,"Yuma, AZ","AZ",203,933,0.00647249190938511,0.0185589519650655,0.0389755011135857,44455
2019-06-30,"Racine, WI","WI",204,1239,0.0097799511002445,0.029925187032419,0.0964601769911504,63488
2019-06-30,"Athens, GA","GA",205,1291,0.000775193798449612,0.00310800310800311,0.0767306088407006,59605
2019-06-30,"Torrington, CT","CT",206,1525,-0.00780741704619388,-0.0236875800256082,-0.00909681611435997,73603
2019-06-30,"St. Cloud, MN","MN",207,1260,-0.0163934426229508,-0.0381679389312977,-0.0255220417633411,61961
2019-06-30,"Hilton Head Island, SC","SC",208,1795,-0.00111296605453534,-0.00222345747637576,0.0245433789954338,92938
2019-06-30,"Hilo, HI","HI",209,1811,-0.00549148819330038,-0.00929978118161926,0.0462160600808781,68126
2019-06-30,"Kingston, NY","NY",210,1688,-0.00938967136150235,-0.0191748983149332,0.0029708853238265,58207
2019-06-30,"Daphne, AL","AL",211,1436,-0.00069589422407794,-0.00069589422407794,0.0527859237536657,90545
2019-06-30,"Gainesville, GA","GA",212,1389,0.00361271676300578,0.00798258345428157,0.0635528330781011,55669
2019-06-30,"Warner Robins, GA","GA",213,1053,0.0105566218809981,0.0223300970873786,0.0636363636363636,58562
2019-06-30,"Blacksburg, VA","VA",214,1188,0.00763358778625954,0.0153846153846154,0.0402802101576182,51371
2019-06-30,"Redding, CA","CA",215,1469,0.0103163686382393,0.021557719054242,0.0954511558538404,50968
2019-06-30,"Joplin, MO","MO",216,789,0.00637755102040816,0.00895140664961637,-0.00754716981132076,38968
2019-06-30,"El Centro, CA","CA",217,1198,0.0126796280642434,0.0213128729752771,0.140952380952381,35256
2019-06-30,"Terre Haute, IN","IN",218,770,0.00391134289439374,0.0185185185185185,0.032171581769437,60036
2019-06-30,"East Stroudsburg, PA","PA",219,1361,0.0187125748502994,0.042911877394636,0.050965250965251,76361
2019-06-30,"Sioux City, IA","IA",220,1066,0.00282220131702728,0.0142721217887726,0.025,54312
2019-06-30,"Greenville, NC","NC",221,1077,0.00937207122774133,0.0160377358490566,0.0911854103343465,55493
2019-06-30,"Yuba City, CA","CA",222,1540,0.0158311345646438,0.0294117647058823,0.0731707317073171,43010
2019-06-30,"Abilene, TX","TX",223,1066,0.0113851992409867,0.017175572519084,0.063872255489022,50277
2019-06-30,"Columbia, MO","MO",224,1131,0.00622775800711744,0.00892060660124889,0.0125335720680394,48331
2019-06-30,"Dover, DE","DE",225,1288,0,-0.000775795190069822,0.0312249799839872,48995
2019-06-30,"Eau Claire, WI","WI",226,1109,-0.0026978417266187,-0.0107047279214987,0.0432737535277516,50264
2019-06-30,"Janesville, WI","WI",227,931,0.0230769230769231,0.0519774011299435,0.16375,64875
2019-06-30,"Jackson, MI","MI",228,930,0,-0.0116896918172157,-0.0690690690690691,62149
2019-06-30,"Punta Gorda, FL","FL",229,1650,-0.0225118483412322,-0.0423679628554846,-0.0299823633156966,91356
2019-06-30,"Bloomington, IN","IN",230,1266,0.0111821086261981,0.0234438156831043,0.0558798999165972,55866
2019-06-30,"Pueblo, CO","CO",231,1142,0.00351493848857645,0.0088339222614841,0.0391264786169245,56775
2019-06-30,"Billings, MT","MT",232,1288,0.00782472613458529,0.0181818181818182,0.0403877221324717,54350
2019-06-30,"Bowling Green, KY","KY",233,1127,0.00625,0.01806684733514,0.125874125874126,40373
2019-06-30,"Bend, OR","OR",234,1783,0.00962627406568516,0.0211912943871707,0.0663875598086124,64943
2019-06-30,"Albany, GA","GA",235,939,-0.00106382978723404,-0.00106382978723404,0.0217627856365615,38516
2019-06-30,"Vineland, NJ","NJ",236,1252,0.00724054706355591,0.0121261115602264,-0.014948859166011,44034
2019-06-30,"Ottawa, IL","IL",237,996,-0.0128840436075322,-0.0376811594202899,-0.003003003003003,58043
2019-06-30,"State College, PA","PA",238,1508,-0.00132450331125828,-0.00724160631994733,0.052337752965806,31628
2019-06-30,"Bangor, ME","ME",239,1157,-0.016156462585034,-0.0169923534409516,-0.0342237061769616,52688
2019-06-30,"Alexandria, LA","LA",240,987,-0.0472972972972973,-0.105167724388033,-0.101092896174863,37499
2019-06-30,"Decatur, AL","AL",241,866,0.00932400932400932,0.0285035629453682,0.030952380952381,56531
2019-06-30,"Hanford, CA","CA",242,1238,0.00732302685109845,0.0214521452145215,0.0746527777777778,28701
2019-06-30,"Iowa City, IA","IA",243,1402,0.000713775874375446,0.00501792114695341,-0.0263888888888889,53706
2019-06-30,"Wichita Falls, TX","TX",244,924,0.0142700329308452,0.0289532293986637,0.0289532293986637,45143
2019-06-30,"Burlington, NC","NC",245,1057,0.00379867046533713,0.00379867046533713,0.107966457023061,50404
2019-06-30,"Madera, CA","CA",246,1338,0.00149700598802395,0.00375093773443361,0.0568720379146919,38155
2019-06-30,"Jefferson City, MO","MO",247,891,-0.0230263157894737,-0.0460385438972163,-0.0398706896551724,41839
2019-06-30,"Chambersburg, PA","PA",248,1132,0.00265721877767936,-0.00088261253309797,0.00532859680284192,43961
2019-06-30,"Texarkana, TX","TX",249,946,-0.00734522560335782,-0.013555787278415,-0.124074074074074,37544
2019-06-30,"Elizabethtown, KY","KY",250,1037,0.00193236714975845,0.00290135396518375,0.0257171117705242,39831
2019-06-30,"Florence, AL","AL",251,861,-0.016,-0.031496062992126,-0.0069204152249135,54376
2019-06-30,"Grand Junction, CO","CO",252,1311,0.00382848392036753,0.0092378752886836,0.0934111759799833,52923
2019-06-30,"Concord, NH","NH",253,1591,-0.00500312695434647,-0.00748596381784155,-0.00375704445835942,54631
2019-06-30,"Dothan, AL","AL",254,926,0.00433839479392625,0.0198237885462555,0.0357941834451902,42547
2019-06-30,"Santa Fe, NM","NM",255,1890,0.00158982511923688,-0.00316455696202532,0.0806174957118353,57335
2019-06-30,"Johnstown, PA","PA",256,690,0.00583090379008746,0.0176991150442478,0.013215859030837,46620
2019-06-30,"Traverse City, MI","MI",257,1321,-0.0052710843373494,-0.0214814814814815,0.0256211180124224,88727
2019-06-30,"Hattiesburg, MS","MS",258,1151,0,0.003487358326068,0.0521023765996344,42753
2019-06-30,"Homosassa Springs, FL","FL",259,1199,0.000834724540901503,0.00250836120401338,0.00756302521008403,59812
2019-06-30,"Auburn, AL","AL",260,1277,0.0142970611596505,0.0433006535947712,0.0348460291734198,38526
2019-06-30,"Valdosta, GA","GA",261,997,-0.00499001996007984,-0.0099304865938431,0.0483701366982124,37292
2019-06-30,"Coeur d'Alene, ID","ID",262,1503,0.0182926829268293,0.036551724137931,0.0758768790264853,66675
2019-06-30,"Springfield, OH","OH",263,806,-0.0182704019488429,-0.0358851674641148,0.0138364779874214,48150
2019-06-30,"St. George, UT","UT",264,1517,0.00730411686586985,0.0174379610999329,0.0713276836158192,57936
2019-06-30,"Vero Beach, FL","FL",265,1590,0.00505689001264223,0.0159744408945687,0.03515625,69279
2019-06-30,"Napa, CA","CA",266,2916,-0.00613496932515337,-0.0141987829614604,0.0235170235170235,32517
2019-06-30,"Tupelo, MS","MS",267,1080,-0.00826446280991736,-0.0127970749542962,-0.00735294117647059,37395
2019-06-30,"Eureka, CA","CA",268,1530,-0.00584795321637427,-0.0116279069767442,0.0691823899371069,30416
2019-06-30,"Rapid City, SD","SD",269,1268,-0.0132295719844358,-0.0320610687022901,0.00475435816164818,32864
2019-06-30,"Lumberton, NC","NC",270,782,-0.0237203495630462,-0.0566948130277443,-0.0451770451770452,17561
2019-06-30,"Wausau, WI","WI",271,977,-0.0259222333000997,-0.0560386473429952,-0.023976023976024,52249
2019-06-30,"Lebanon, PA","PA",272,1128,-0.0131233595800525,-0.0342465753424658,-0.0105263157894737,39537
2019-06-30,"Idaho Falls, ID","ID",273,1159,0,0.000863557858376511,0.0584474885844749,43447
2019-06-30,"Sierra Vista, AZ","AZ",274,919,-0.00108695652173913,0.00218102508178844,0.0673635307781649,36313
2019-06-30,"Lawton, OK","OK",275,739,0.0013550135501355,0.0054421768707483,0.0335664335664336,41426
2019-06-30,"Farmington, NM","NM",276,1094,0.0036697247706422,0.0101569713758079,-0.00545454545454545,27248
2019-06-30,"Jackson, TN","TN",277,923,0.0043525571273123,0.00654307524536532,0.0289855072463768,55754
2019-06-30,"Morgantown, WV","WV",278,1106,-0.00807174887892377,-0.0281195079086116,-0.0212389380530973,43363
2019-06-30,"Winchester, VA","VA",279,1383,0.00217391304347826,0.000723589001447178,0.0252038547071905,43490
2019-06-30,"New Bern, NC","NC",280,1078,0.0112570356472795,0.0276453765490944,0.0823293172690763,42200
2019-06-30,"Logan, ID","UT",281,1088,0.00927643784786642,0.0206378986866792,-0.0456140350877193,10910
2019-06-30,"Harrisonburg, VA","VA",282,1206,-0.0106644790812141,-0.0297666934835076,0.0560420315236427,33491
2019-06-30,"Beckley, WV","WV",283,793,-0.00251572327044025,-0.00501882057716437,0.0205920205920206,41179
2019-06-30,"Weirton, OH","OH",284,752,-0.0079155672823219,-0.00922266139657444,-0.0432569974554707,45760
2019-06-30,"Goldsboro, NC","NC",285,943,-0.0227979274611399,-0.0426395939086294,0.0548098434004474,13053
2019-06-30,"Hammond, LA","LA",286,1187,-0.00419463087248322,-0.0157545605306799,0,31440
2019-06-30,"Jonesboro, AR","AR",287,965,-0.00617919670442842,-0.0153061224489796,-0.0320962888665998,38263
2019-06-30,"Sherman, TX","TX",288,1322,0.00227445034116755,0.00916030534351145,0.154585152838428,42985
2019-06-30,"Anniston, AL","AL",289,782,0.00903225806451613,0.0142671854734112,0.0426666666666667,45604
2019-06-30,"Staunton, VA","VA",290,1225,-0.0064882400648824,-0.0215654952076677,-0.00889967637540453,42346
2019-06-30,"Mount Vernon, WA","WA",291,1689,0.00177935943060498,-0.00177304964539007,0.00956365809922295,51657
2019-06-30,"Albany, OR","OR",292,1429,0.00280701754385965,0.0106082036775106,0.0461200585651537,32586
2019-06-30,"Watertown, NY","NY",293,1187,-0.00252100840336134,-0.00918196994991653,0.00423011844331641,28841
2019-06-30,"Williamsport, PA","PA",294,988,-0.0217821782178218,-0.0626185958254269,0.0112589559877175,34780
2019-06-30,"Cleveland, TN","TN",295,955,-0.0144478844169247,-0.0324214792299899,-0.0343781597573306,51225
2019-06-30,"Sheboygan, WI","WI",296,1065,0.00377002827521206,-0.0157116451016636,-0.0157116451016636,37439
2019-06-30,"Owensboro, KY","KY",297,994,-0.00300902708124373,-0.00500500500500501,0.0574468085106383,35554
2019-06-30,"Dunn, NC","NC",298,1149,0.00261780104712042,0.00349344978165939,0.0204262877442274,25134
2019-06-30,"Morristown, TN","TN",299,1026,-0.00484966052376334,-0.0181818181818182,0.0353178607467205,46534
2019-06-30,"Kankakee, IL","IL",300,1196,0.011844331641286,0.0372940156114484,0.0992647058823529,35138
2019-06-30,"Brunswick, GA","GA",301,1403,0.00214285714285714,0.0115356885364095,0.0572720422004522,40377
2019-06-30,"San Angelo, TX","TX",302,1228,0.00163132137030995,0.00326797385620915,0.0293378038558256,31242
2019-06-30,"Michigan City, IN","IN",303,936,0.0140845070422535,0.0342541436464088,-0.00636942675159236,70969
2019-06-30,"Wenatchee, WA","WA",304,1682,0.0114251352976548,0.02937576499388,0.0914990266060999,42787
2019-06-30,"Lawrence, KS","KS",305,1324,-0.00226073850791258,-0.00226073850791258,0.0114591291061879,28151
2019-06-30,"Decatur, IL","IL",306,916,-0.025531914893617,-0.0527404343329886,-0.0286320254506893,41449
2019-06-30,"Missoula, MT","MT",307,1394,-0.00214745884037223,-0.00570613409415121,0.020497803806735,37831
2019-06-30,"Lewiston, ME","ME",308,1201,-0.0330112721417069,-0.0653696498054475,-0.0195918367346939,37280
2019-06-30,"Roseburg, OR","OR",309,1139,0.00352422907488987,0.00618374558303887,0.0868320610687023,32715
2019-06-30,"Sumter, SC","SC",310,814,-0.0109356014580802,-0.0366863905325444,-0.030952380952381,50198
2019-06-30,"Meridian, MS","MS",311,875,-0.0146396396396396,-0.0277777777777778,0.00806451612903226,31228
2019-06-30,"Bluefield, WV","WV",312,809,-0.02647412755716,-0.0493537015276146,-0.042603550295858,29840
2019-06-30,"Danville, VA","VA",313,872,-0.0135746606334842,-0.0385887541345094,0.013953488372093,37696
2019-06-30,"Lima, OH","OH",314,916,-0.0129310344827586,-0.00650759219088937,0.0763807285546416,34835
2019-06-30,"Cookeville, TN","TN",315,1008,-0.0117647058823529,-0.0279652844744455,0.0521920668058455,43399
2019-06-30,"California-Lexington Park, MD","MD",316,1611,-0.0110497237569061,-0.0224514563106796,0.0100313479623824,46148
2019-06-30,"Gadsden, AL","AL",317,840,-0.0186915887850467,-0.0476190476190476,-0.0106007067137809,31888
2019-06-30,"Longview, WA","WA",318,1464,0.0194986072423398,0.0449678800856531,0.0982745686421605,32146
2019-06-30,"Ithaca, NY","NY",319,1652,0.00793166564978645,0.0254500310366232,-0.0500287521564117,21052
2019-06-30,"Gettysburg, PA","PA",320,1353,0.00819672131147541,0.0165289256198347,0.0603448275862069,59419
2019-06-30,"Pine Bluff, AR","AR",321,743,-0.00268456375838926,-0.00535475234270415,0.00134770889487871,22863
2019-06-30,"Tullahoma, TN","TN",322,1149,-0.0077720207253886,-0.0212947189097104,0.0177147918511957,38307
2019-06-30,"Richmond, KY","KY",323,966,-0.0262096774193548,-0.056640625,-0.0252270433905146,29773
2019-06-30,"Adrian, MI","MI",324,973,-0.0191532258064516,-0.0724499523355577,-0.0880974695407685,38637
2019-06-30,"Twin Falls, ID","ID",325,1103,0.0109990834097159,0.0184672206832872,-0.0324561403508772,29831
2019-06-30,"Corning, NY","NY",326,1176,-0.0272952853598015,-0.0659253375694996,-0.0939907550077042,27884
2019-06-30,"Sebring, FL","FL",327,1103,-0.0116487455197133,-0.0178094390026714,-0.0299032541776605,40850
2019-06-30,"Truckee, CA","CA",328,2059,-0.00866634569090034,-0.0134163871586009,0.112972972972973,45066
2019-06-30,"Paducah, KY","KY",329,911,-0.0161987041036717,-0.0380147835269271,-0.0287846481876333,25506
2019-06-30,"Grand Forks, ND","ND",330,1063,-0.0380090497737557,-0.0820379965457686,-0.103709949409781,16498
2019-06-30,"Fairbanks, AK","AK",331,1644,-0.00544464609800363,-0.017921146953405,0.0024390243902439,20187
2019-06-30,"Mankato, MN","MN",332,1338,-0.0066815144766147,0.00074794315632012,0.0669856459330144,24880
2019-06-30,"Cape Girardeau, MO","MO",333,935,-0.00637619553666312,-0.00319829424307036,0.0412026726057906,39758
2019-06-30,"Hot Springs, AR","AR",334,1026,-0.00484966052376334,-0.0237868696479543,-0.1,33868
2019-06-30,"Sunbury, PA","PA",335,743,0.00677506775067751,0.0178082191780822,-0.0106524633821571,39586
2019-06-30,"Clarksburg, WV","WV",336,896,0.0078740157480315,0.0228310502283105,0.055359246171967,28883
2019-06-30,"Dubuque, IA","IA",337,1156,0.0185022026431718,0.044263775971093,0.00609225413402959,35303
2019-06-30,"Albertville, AL","AL",338,905,-0.0130861504907306,-0.030010718113612,-0.016304347826087,33951
2019-06-30,"Manhattan, KS","KS",339,1206,-0.00248138957816377,0,-0.0250606305578011,23850
2019-06-30,"Parkersburg, WV","WV",340,868,-0.00458715596330275,-0.0180995475113122,0.0260047281323877,32207
2019-06-30,"Orangeburg, SC","SC",341,892,-0.0262008733624454,-0.0640083945435467,-0.0251366120218579,24423
2019-06-30,"Brainerd, MN","MN",342,1242,-0.0166270783847981,-0.0364623739332816,-0.0056044835868695,46206
2019-06-30,"Kalispell, MT","MT",343,1456,0.00483091787439614,0.00831024930747922,0.0482361411087113,24745
2019-06-30,"Ames, IA","IA",344,1106,-0.0407632263660017,-0.0904605263157895,-0.140637140637141,30951
2019-06-30,"Bozeman, MT","MT",345,1765,0.014367816091954,0.0370152761457109,0.0456161137440758,28434
2019-06-30,"Moses Lake, WA","WA",346,1057,0.00955109837631328,0.0332355816226784,0.0687563195146613,25882
2019-06-30,"Hermiston-Pendleton, OR","OR",347,1261,-0.0224806201550388,-0.0525920360631104,0.00960768614891913,21180
2019-06-30,"Zanesville, OH","OH",348,904,-0.00768386388583974,-0.0237580993520518,0.0111856823266219,29950
2019-06-30,"Corvallis, OR","OR",349,1895,0.00744284954811271,0.0177228786251343,0.0574776785714286,25433
2019-06-30,"Russellville, AR","AR",350,880,-0.00339750849377123,-0.0123456790123457,0.0365135453474676,25420
2019-06-30,"Midland, MI","MI",351,1061,-0.041553748870822,-0.0900514579759863,0.038160469667319,30326
2019-06-30,"Kokomo, IN","IN",352,832,0.0133982947624848,0.0387016229712859,0.0196078431372549,32375
2019-06-30,"Grants Pass, OR","OR",353,1423,0.0289226319595083,0.0627333831217326,0.0904214559386973,14559
2019-06-30,"Huntsville, TX","TX",354,1292,0.0046656298600311,0.009375,0.0141287284144427,11874
2019-06-30,"Plattsburgh, NY","NY",355,1565,0.0377984084880637,0.0748626373626374,0.0398671096345515,21643
2019-06-30,"Grand Island, NE","NE",356,1109,-0.00716204118173679,-0.0211827007943513,-0.0431406384814495,22669
2019-06-30,"Great Falls, MT","MT",357,1211,-0.00656275635767022,-0.0138436482084691,0.0288870008496177,26581
2019-06-30,"Portsmouth, OH","OH",358,908,0.00553709856035437,0.00888888888888889,0.0835322195704057,17147
2019-06-30,"Oak Harbor, WA","WA",359,1702,0.0065050266114725,0.016726403823178,0.0321406913280776,40041
2019-06-30,"Hinesville, GA","GA",360,1024,0.0029382957884427,0.0078740157480315,-0.0182166826462128,18217
2019-06-30,"Stillwater, OK","OK",361,1147,-0.00606585788561525,-0.015450643776824,-0.0254885301614274,15423
2019-06-30,"Quincy, IL","IL",362,957,-0.0410821643286573,-0.102251407129456,-0.13,22956
2019-06-30,"Keene, NH","NH",363,1446,-0.00275862068965517,-0.0136425648021828,0.00486448922863099,22033
2019-06-30,"Searcy, AR","AR",364,871,-0.0147058823529412,-0.0407488986784141,0.0223004694835681,24227
2019-06-30,"Columbus, IN","IN",365,1193,0.00420875420875421,0.00930626057529611,0.00675105485232068,29610
2019-06-30,"Roanoke Rapids, NC","NC",366,915,0.0166666666666667,0.0385925085130533,0.0918854415274463,15699
2019-06-30,"Centralia, WA","WA",367,1227,-0.0215311004784689,-0.0406567630961689,0.0623376623376623,24853
2019-06-30,"Helena, MT","MT",368,1282,-0.00543056633048875,-0.00927357032457496,0.0313757039420756,15770
2019-06-30,"Palatka, FL","FL",369,1031,-0.00290135396518375,0.00487329434697856,-0.0635785649409628,17796
2019-06-30,"Mount Airy, NC","NC",370,1060,0,-0.00841908325537886,0.0894141829393628,13165
2019-06-30,"Key West, FL","FL",371,3356,-0.00710059171597633,-0.0120694730644686,0.0126735063367532,44733
2019-06-30,"Aberdeen, WA","WA",372,1099,0.0280636108512629,0.063891577928364,0.143600416233091,32135
2019-06-30,"Gallup, NM","NM",373,1158,0.0320855614973262,0.0863039399624766,0.146534653465347,3566
2019-06-30,"Port Angeles, WA","WA",374,1478,0.00475866757307954,0.00203389830508475,0.0228373702422145,29949
2019-06-30,"Greenfield Town, MA","MA",375,1669,-0.0245470485096435,-0.0804407713498623,-0.0549263873159683,25260
2019-06-30,"Muskogee, OK","OK",376,664,-0.00449775112443778,-0.00449775112443778,0.0231124807395994,32568
2019-06-30,"Frankfort, KY","KY",377,1009,-0.0213385063045587,-0.0372137404580153,0.0150905432595573,26418
2019-06-30,"Statesboro, GA","GA",378,1083,-0.00367985280588776,-0.00914913083257091,0.000924214417744917,17462
2019-06-30,"Shawnee, OK","OK",379,809,-0.00246609124537608,-0.00369458128078818,0.0188916876574307,31003
2019-06-30,"North Wilkesboro, NC","NC",380,1098,-0.00362976406533575,-0.0178890876565295,0.0517241379310345,18144
2019-06-30,"Richmond, IN","IN",381,804,-0.00740740740740741,-0.0171149144254279,0.0164348925410872,27662
2019-06-30,"Greeneville, TN","TN",382,811,-0.0193470374848851,-0.0470035252643948,0.106412005457026,41804
2019-06-30,"Martinsville, VA","VA",383,905,-0.00876232201533406,-0.0247844827586207,-0.0044004400440044,23906
2019-06-30,"Forest City, NC","NC",384,1041,0.0146198830409357,0.029673590504451,0.0934873949579832,44402
2019-06-30,"Lake City, FL","FL",385,1192,-0.00831946755407654,-0.0253475061324612,0.0338248048568951,14711
2019-06-30,"LaGrange, GA","GA",386,953,-0.00417972831765935,0.00210304942166141,0.0903890160183067,22264
2019-06-30,"Marion, OH","OH",387,875,0.0174418604651163,0.0416666666666667,0.0951188986232791,24016
2019-06-30,"Morehead City, NC","NC",388,1397,0.0234432234432234,0.0472263868065967,0.165137614678899,39371
2019-06-30,"Klamath Falls, OR","OR",389,1141,-0.00262237762237762,-0.00523103748910201,0.0391621129326047,24335
2019-06-30,"Marshall, TX","TX",390,972,0.0103950103950104,0.0146137787056367,0.0242360379346681,21011
2019-06-30,"Clearlake, CA","CA",391,1460,-0.0101694915254237,-0.0240641711229947,0,22427
2019-06-30,"Hutchinson, KS","KS",392,756,-0.0104712041884817,-0.0169050715214564,-0.0478589420654912,22754
2019-06-30,"Faribault, MN","MN",393,1387,-0.0142146410803127,-0.0307477288609364,-0.00430725053840632,36763
2019-06-30,"Elizabeth City, NC","NC",394,1143,0.00263157894736842,0.00175284837861525,0.0178094390026714,21491
2019-06-30,"Alamogordo, NM","NM",395,950,-0.00210084033613445,0,0.0746606334841629,14750
2019-06-30,"Red Bluff, CA","CA",396,1262,0.0395387149917628,0.0869939707149009,0.121777777777778,12642
2019-06-30,"Hudson, NY","NY",397,1790,0.0504694835680751,0.1090458488228,0.171465968586387,21798
2019-06-30,"Coos Bay, OR","OR",398,1296,-0.00841622035195103,-0.0151975683890578,0.0220820189274448,22374
2019-06-30,"Walla Walla, WA","WA",399,1347,0.018910741301059,0.0401544401544402,0.0409582689335394,16432
2019-06-30,"Oneonta, NY","NY",400,1225,0.00574712643678161,-0.0105008077544426,-0.0184294871794872,18794
2019-06-30,"Baraboo, WI","WI",401,1075,-0.0155677655677656,-0.0570175438596491,-0.0227272727272727,22430
2019-06-30,"Marietta, OH","OH",402,1064,0.0123691722169363,0.027027027027027,0.0410958904109589,15412
2019-06-30,"Salina, KS","KS",403,857,0.00233918128654971,0.0178147268408551,0.0118063754427391,22130
2019-06-30,"Big Stone Gap, VA","VA",404,1009,0.00799200799200799,0.0181634712411705,0.0306435137895812,6866
2019-06-30,"Sturgis, MI","MI",405,1006,0.0100401606425703,0.0100401606425703,-0.0233009708737864,23114
2019-06-30,"Fremont, OH","OH",406,1050,0.0125361620057859,0.0273972602739726,0.0703363914373089,18211
2019-06-30,"Mount Vernon, OH","OH",407,1065,-0.00187441424554827,-0.0120593692022263,-0.0148011100832562,16935
2019-06-30,"Lewiston, ID","ID",408,1325,0.0137719969395562,0.0271317829457364,0.0279286268425136,20979
2019-06-30,"Shelton, WA","WA",409,1405,-0.00495750708215297,-0.0098661028893587,-0.0215877437325905,23484
2019-06-30,"Albemarle, NC","NC",410,1041,-0.0325278810408922,-0.072192513368984,-0.0113960113960114,21530
2019-06-30,"Enid, OK","OK",411,932,-0.0116648992576882,-0.0168776371308017,0.014145810663765,17661
2019-06-30,"Jefferson, GA","GA",412,1370,0.00439882697947214,0.0103244837758112,0.0293012772351615,21213
2019-06-30,"Georgetown, SC","SC",413,1545,-0.0215326155794807,-0.0538885486834048,0.10752688172043,27300
2019-06-30,"Laconia, NH","NH",414,1485,0.0164271047227926,0.0326842837273992,0.03125,35387
2019-06-30,"Batavia, NY","NY",415,1434,0.0242857142857143,0.052863436123348,0.0637982195845697,16695
2019-06-30,"Oxford, NC","NC",416,1210,0.00165562913907285,0.00498338870431894,0.0476190476190476,16387
2019-06-30,"Columbus, MS","MS",417,1004,-0.0318225650916104,-0.0686456400742115,-0.0625583566760037,15407
2019-06-30,"Sterling, IL","IL",418,1077,0.00560224089635854,-0.00645756457564576,0.038572806171649,21962
2019-06-30,"Dublin, GA","GA",419,993,0.0112016293279022,0.0268872802481903,0.0563829787234043,14919
2019-06-30,"Vicksburg, MS","MS",420,1098,-0.012589928057554,-0.0351493848857645,0.0348727615457116,13639
2019-06-30,"Sanford, NC","NC",421,1020,-0.00195694716242661,0.0159362549800797,0.0703043022035677,21810
2019-06-30,"Tiffin, OH","OH",422,977,0.0124352331606218,0.029504741833509,0.0642701525054466,18164
2019-06-30,"Fairmont, WV","WV",423,845,-0.0185830429732869,-0.0419501133786848,-0.0494938132733408,20416
2019-06-30,"Crossville, TN","TN",424,1051,-0.0268518518518519,-0.0715547703180212,-0.0780701754385965,23444
2019-06-30,"Picayune, MS","MS",425,1095,-0.0231935771632471,-0.041994750656168,-0.0403155127081507,10237
2019-06-30,"Gloversville, NY","NY",426,1221,-0.0453479280688038,-0.0962250185048113,-0.114575779550399,18279
2019-06-30,"Sonora, CA","CA",427,1473,0.00408997955010225,0.0089041095890411,0.0229166666666667,21388
2019-06-30,"Carson City, NV","NV",428,1626,0.018796992481203,0.0436456996148909,0.162258756254467,14942
2019-06-30,"Calhoun, GA","GA",429,1157,0.0078397212543554,0.014022787028922,0.0518181818181818,16853
2019-06-30,"Milledgeville, GA","GA",430,990,-0.0350877192982456,-0.0773532152842498,-0.032258064516129,11755
2019-06-30,"Waycross, GA","GA",431,985,0.0112936344969199,0.0239085239085239,0.0729847494553377,13090
2019-06-30,"Eagle Pass, TX","TX",432,1087,-0.01806684733514,-0.0406001765225066,-0.0100182149362477,11838
2019-06-30,"Payson, AZ","AZ",433,1244,-0.0326594090202177,-0.0582891748675246,-0.0048,20279
2019-06-30,"Rochelle, IL","IL",434,1197,-0.00746268656716418,-0.0454545454545455,-0.0567375886524823,18186
2019-06-30,"Scottsboro, AL","AL",435,882,-0.00675675675675676,-0.00675675675675676,0.0126291618828932,9347
2019-06-30,"Danville, KY","KY",436,917,-0.00542299349240781,-0.0107874865156419,0.0504009163802978,14596
2019-06-30,"Greenville, OH","OH",437,1007,-0.0223300970873786,0.00199004975124378,0.0577731092436975,15633
2019-06-30,"Warrensburg, MO","MO",438,1042,0.0316831683168317,0.0676229508196721,-0.00856327307326356,13335
2019-06-30,"Fort Leonard Wood, MO","MO",439,867,-0.0102739726027397,-0.0280269058295964,-0.0225479143179256,10274
2019-06-30,"Glasgow, KY","KY",440,912,-0.0065359477124183,-0.0245989304812834,0.027027027027027,13629
2019-06-30,"Athens, TN","TN",441,983,-0.0276953511374876,-0.0548076923076923,0.08859357696567,18368
2019-06-30,"Edwards, CO","CO",442,3575,-0.0258855585831063,-0.0567282321899736,-0.0295874049945711,29010
2019-06-30,"Fernley, NV","NV",443,1520,0.0133333333333333,0.0312075983717775,0.0711768851303735,15063
2019-06-30,"Platteville, WI","WI",444,1024,-0.017274472168906,-0.0588235294117647,-0.0182166826462128,12370
2019-06-30,"Boone, NC","NC",445,1385,0.00727272727272727,0.00947521865889213,0.0678488820354665,26097
2019-06-30,"Bartlesville, OK","OK",446,923,-0.00538793103448276,-0.00645855758880517,0.0301339285714286,22160
2019-06-30,"Jacksonville, TX","TX",447,1144,-0.00521739130434783,-0.0171821305841924,0.0114942528735632,8628
2019-06-30,"Elko, NV","NV",448,1443,0.000693481276005548,0.0112123335669236,0.0744601638123604,9196
2019-06-30,"Rexburg, ID","ID",449,1164,-0.0135593220338983,-0.0324189526184539,0.0591446769790719,15333
2019-06-30,"St. Marys, GA","GA",450,1173,0.0120793787748059,0.0244541484716157,0.0454545454545455,16250
2019-06-30,"Ozark, AL","AL",451,849,-0.00817757009345794,-0.00701754385964912,0.00117924528301887,14632
2019-06-30,"Enterprise, AL","AL",452,894,-0.0044543429844098,-0.00666666666666667,0.022883295194508,21807
2019-06-30,"Kerrville, TX","TX",453,1380,-0.0191897654584222,-0.0476190476190476,-0.0625,12506
2019-06-30,"New Castle, IN","IN",454,773,-0.0252206809583859,-0.0444993819530284,-0.0361596009975062,18347
2019-06-30,"Sidney, OH","OH",455,1089,-0.0126926563916591,0.0092678405931418,0.0431034482758621,13388
2019-06-30,"Cortland, NY","NY",456,1241,-0.0372381691233514,-0.0861561119293078,-0.0821005917159763,12233
2019-06-30,"Del Rio, TX","TX",457,1168,-0.00680272108843537,-0.0217755443886097,0.0156521739130435,10273
2019-06-30,"Washington, NC","NC",458,1130,0.00533807829181495,0.0134529147982063,0.140262361251261,5865
2019-06-30,"Corsicana, TX","TX",459,1125,-0.02088772845953,-0.0562080536912752,-0.0301724137931034,12045
2019-06-30,"Burlington, IA","IA",460,889,-0.00447928331466965,-0.0133185349611543,-0.0357917570498915,16560
2019-06-30,"Cadillac, MI","MI",461,946,-0.00421052631578947,-0.00316122233930453,0.036144578313253,20762
2019-06-30,"Ardmore, OK","OK",462,854,0.00707547169811321,0.0264423076923077,-0.0284414106939704,20486
2019-06-30,"Kendallville, IN","IN",463,1034,0.002909796314258,0,0.00878048780487805,14722
2019-06-30,"Nogales, AZ","AZ",464,1166,-0.0143702451394759,-0.0218120805369128,0.0246045694200351,13554
2019-06-30,"Oxford, MS","MS",465,1357,-0.00147167034584253,0.0014760147601476,-0.0576388888888889,13590
2019-06-30,"Plymouth, IN","IN",466,1105,0.010054844606947,0.0184331797235023,0.00272232304900181,15267
2019-06-30,"Gardnerville Ranchos, NV","NV",467,1864,-0.00745473908413206,-0.0168776371308017,0.0315439955727725,20558
2019-06-30,"Tahlequah, OK","OK",468,875,0.00922722029988466,0.0294117647058823,0.00690448791714614,15484
2019-06-30,"Cañon City, CO","CO",469,1187,-0.0181968569065343,-0.0519169329073482,-0.00918196994991653,15749
2019-06-30,"Ruston, LA","LA",470,1201,-0.00907590759075908,-0.0107084019769358,-0.00166251039068994,8591
2019-06-30,"Lewistown, PA","PA",471,1030,0.005859375,0.0127826941986234,0.0684647302904564,10501
2019-06-30,"Rockingham, NC","NC",472,978,0.0349206349206349,0.0854605993340733,0.150588235294118,3335
2019-06-30,"Blytheville, AR","AR",473,779,-0.021356783919598,-0.0358910891089109,-0.0511571254567601,8591
2019-06-30,"Cedar City, UT","UT",474,1180,0.00425531914893617,0.0189982728842832,0.0369068541300527,12192
2019-06-30,"Bedford, IN","IN",475,900,0.0227272727272727,0.053864168618267,0.0676156583629893,16700
2019-06-30,"Newport, OR","OR",476,1478,0.0013550135501355,0.00749829584185412,0.0292479108635097,23318
2019-06-30,"Bellefontaine, OH","OH",477,1031,0.00487329434697856,0.00880626223091976,0.0341023069207623,17364
2019-06-30,"McAlester, OK","OK",478,850,0,0.00117785630153121,0.00117785630153121,15423
2019-06-30,"Coldwater, MI","MI",479,938,-0.00740740740740741,-0.0218978102189781,-0.0438328236493374,17861
2019-06-30,"Rolla, MO","MO",480,792,-0.0173697270471464,-0.032967032967033,0.0775510204081633,15708
2019-06-30,"Shelbyville, TN","TN",481,1181,-0.0125418060200669,-0.0343417825020442,-0.0108877721943049,15107
2019-06-30,"Duncan, OK","OK",482,686,-0.0227920227920228,-0.0537931034482759,-0.0666666666666667,18299
2019-06-30,"Pullman, WA","WA",483,1390,-0.00785153461812991,-0.018361581920904,0.0506424792139078,8785
2019-06-30,"Bemidji, MN","MN",484,1304,-0.00305810397553517,-0.00229533282325937,0.0243519245875884,12056
2019-06-30,"Pahrump, NV","NV",485,1332,-0.00892857142857143,-0.0111358574610245,0.0673076923076923,9739
2019-06-30,"Menomonie, WI","WI",486,1148,-0.0433333333333333,-0.0881652104845115,-0.0361041141897565,13876
2019-06-30,"Bucyrus, OH","OH",487,848,0.0192307692307692,0.0469135802469136,0.0720606826801517,15891
2019-06-30,"Bradford, PA","PA",488,930,0.00540540540540541,0.0021551724137931,0.0367892976588629,13354
2019-06-30,"Bardstown, KY","KY",489,1041,-0.00191754554170662,-0.00191754554170662,0.0525783619817998,15112
2019-06-30,"Cornelia, GA","GA",490,1237,0.00979591836734694,0.0240066225165563,0.100533807829181,21416
2019-06-30,"Alma, MI","MI",491,838,-0.00828402366863905,-0.0323325635103926,0.0108564535585042,13249
2019-06-30,"Durant, OK","OK",492,914,-0.00975081256771398,-0.0224598930481283,-0.0245464247598719,11201
2019-06-30,"Seymour, IN","IN",493,1007,0.0192307692307692,0.0435233160621762,0.0286006128702758,13868
2019-06-30,"Willmar, MN","MN",494,1162,-0.0292397660818713,-0.061389337641357,-0.0621468926553672,14223
2019-06-30,"Auburn, IN","IN",495,1055,0.00764087870105062,0.00476190476190476,-0.0149393090569561,11475
2019-06-30,"Paragould, AR","AR",496,837,-0.0199063231850117,-0.0456100342075257,-0.064804469273743,13957
2019-06-30,"Warren, PA","PA",497,969,-0.00411099691675231,-0.0142421159715158,0.0210748155953635,12244
2019-06-30,"Cedartown, GA","GA",498,1096,0.0120036934441367,0.032015065913371,0.129896907216495,14670
2019-06-30,"Port Clinton, OH","OH",499,1180,0.00854700854700855,0.0198789974070873,0.0470275066548358,23794
2019-06-30,"El Campo, TX","TX",500,1291,-0.00385802469135802,-0.010727969348659,0.00232919254658385,12266
2019-06-30,"Montrose, CO","CO",501,1333,0.0113808801213961,0.0301391035548686,-0.0333575054387237,13586
2019-06-30,"Ellensburg, WA","WA",502,1609,0.0151419558359621,0.0177103099304238,-0.00247985120892746,16475
2019-06-30,"Sandpoint, ID","ID",503,1417,0.0208933717579251,0.0396184886280264,0.129083665338645,18568
2019-06-30,"Alice, TX","TX",504,1034,-0.0263653483992467,-0.0676284941388638,-0.0425925925925926,5787
2019-06-30,"Celina, OH","OH",505,1174,0.0164502164502165,0.0361871138570168,0.0692167577413479,11559
2019-06-30,"Garden City, KS","KS",506,1092,-0.0108695652173913,-0.0301953818827709,-0.0361871138570168,9738
2019-06-30,"Marshalltown, IA","IA",507,855,-0.00116822429906542,-0.00116822429906542,0.0154394299287411,16327
2019-06-30,"Cullowhee, NC","NC",508,1317,0.0038109756097561,0.00611153552330023,0.0544435548438751,18261
2019-06-30,"Espa±ola, NM","NM",509,1153,-0.00259515570934256,-0.00603448275862069,0.00523103748910201,1069
2019-06-30,"Tifton, GA","GA",510,1060,-0.0121155638397018,-0.0266299357208448,0.00664767331433998,8892
2019-06-30,"Urbana, OH","OH",511,1076,0.0122295390404516,0.0237868696479543,0.0979591836734694,12075
2019-06-30,"Okeechobee, FL","FL",512,1348,0.00597014925373134,0.0158251695553881,0.0385208012326656,8171
2019-06-30,"Natchitoches, LA","LA",513,1107,-0.0194862710363153,-0.0546541417591802,-0.0705289672544081,7713
2019-06-30,"Berlin, NH","NH",514,1265,0.0267857142857143,0.0454545454545455,0.0924006908462867,18542
2019-06-30,"Lock Haven, PA","PA",515,917,-0.0118534482758621,-0.024468085106383,-0.0265392781316348,10497
2019-06-30,"Sikeston, MO","MO",516,831,0.00727272727272727,0.0158924205378973,0.0532319391634981,10000
2019-06-30,"Clewiston, FL","FL",517,1313,0.00459066564651875,0.0131172839506173,0.0395882818685669,6652
2019-06-30,"Pittsburg, KS","KS",518,699,0,0.00720461095100865,0.0130434782608696,13236
2019-06-30,"Pontiac, IL","IL",519,1097,-0.00543970988213962,-0.00992779783393502,-0.0143755615453729,12671
2019-06-30,"Mount Vernon, IL","IL",520,868,-0.03125,-0.0736392742796158,-0.0995850622406639,11939
2019-06-30,"Houghton, MI","MI",521,950,-0.0010515247108307,0.00422832980972516,0.072234762979684,18927
2019-06-30,"Gainesville, TX","TX",522,1336,-0.00742942050520059,-0.0169242089771891,0.00451127819548872,11534
2019-06-30,"Kill Devil Hills, NC","NC",523,1491,0.0122199592668024,0.0212328767123288,0.0455820476858345,15267
2019-06-30,"Brownwood, TX","TX",524,978,0.00102354145342886,0.0316455696202532,0.0527448869752422,14036
2019-06-30,"Stephenville, TX","TX",525,1210,-0.015459723352319,-0.034317637669593,-0.00493421052631579,7351
2019-06-30,"Easton, MD","MD",526,1724,0.0058343057176196,0.00936768149882904,0.0280262373285629,18806
2019-06-30,"North Platte, NE","NE",527,999,-0.0375722543352601,-0.0809567617295308,-0.0291545189504373,10895
2019-06-30,"Newberry, SC","SC",528,956,-0.00829875518672199,-0.0244897959183673,0.00843881856540084,18414
2019-06-30,"Ada, OK","OK",529,852,-0.015028901734104,-0.0329171396140749,-0.0459126539753639,11498
2019-06-30,"Moscow, ID","ID",530,1316,-0.00529100529100529,-0.0127531882970743,0.032156862745098,9704
2019-06-30,"Safford, AZ","AZ",531,1208,-0.0106470106470106,-0.0258064516129032,0.0333618477331052,7086
2019-06-30,"Murray, KY","KY",532,977,-0.00509164969450102,-0.023976023976024,-0.00407747196738022,7479
2019-06-30,"Huntington, IN","IN",533,944,0.0161463939720129,0.0373626373626374,0.0776255707762557,13426
2019-06-30,"Mayfield, KY","KY",534,875,-0.00114155251141553,-0.00228050171037628,0.0342789598108747,2591
2019-06-30,"Escanaba, MI","MI",535,946,0.00211864406779661,0.0106837606837607,0.0861079219288175,23475
2019-06-30,"Astoria, OR","OR",536,1545,0.00129617627997408,0.00129617627997408,0.00914435009797518,17334
2019-06-30,"Peru, IN","IN",537,822,0.0211180124223602,0.0498084291187739,0.0745098039215686,11563
2019-06-30,"Coshocton, OH","OH",538,905,0.0168539325842697,0.0402298850574713,0.0659599528857479,9118
2019-06-30,"Newton, IA","IA",539,1018,-0.0183220829315333,-0.0503731343283582,-0.0239693192713327,12744
2019-06-30,"Fremont, NE","NE",540,1124,-0.00881834215167548,-0.020052310374891,-0.0123022847100176,11206
2019-06-30,"Batesville, AR","AR",541,815,-0.0192539109506619,-0.0490081680280047,-0.0389150943396226,8702
2019-06-30,"Owatonna, MN","MN",542,1266,-0.00861393891934221,-0.0208816705336427,0.0234438156831043,14035
2019-06-30,"Vidalia, GA","GA",543,1047,0.000956022944550669,0.00383509108341323,0.0274779195289499,7329
2019-06-30,"Laramie, WY","WY",544,1157,-0.000863557858376511,-0.00258620689655172,0.0131348511383538,11218
2019-06-30,"Plainview, TX","TX",545,943,0.0238870792616721,0.0512820512820513,0.0571748878923767,9732
2019-06-30,"Big Spring, TX","TX",546,1122,0.0293577981651376,0.0685714285714286,0.0872093023255814,10231
2019-06-30,"Laurinburg, NC","NC",547,893,0.0240825688073395,0.0407925407925408,0.0759036144578313,6065
2019-06-30,"Alexandria, MN","MN",548,1323,-0.015625,-0.0163568773234201,0.0184757505773672,13207
2019-06-30,"Lebanon, MO","MO",549,776,0.00779220779220779,-0.0263488080301129,-0.0455104551045511,9541
2019-06-30,"Coffeyville, KS","KS",550,704,0.0114942528735632,0.0352941176470588,0.0897832817337461,12560
2019-06-30,"Seneca Falls, NY","NY",551,1280,-0.0236460717009916,-0.0440627333831217,-0.0295678544351782,9907
2019-06-30,"Sulphur Springs, TX","TX",552,1300,-0.0106544901065449,-0.029126213592233,0.00154083204930663,7981
2019-06-30,"Martin, TN","TN",553,900,0.00111234705228031,0.0022271714922049,0.0650887573964497,12402
2019-06-30,"Arcadia, FL","FL",554,1319,0.00456968773800457,0.012279355333845,0.0240683229813665,6813
2019-06-30,"Junction City, KS","KS",555,998,-0.00795228628230616,-0.0148075024679171,-0.0584905660377358,10133
2019-06-30,"Butte, MT","MT",556,953,-0.00521920668058455,-0.00832466181061394,0.13452380952381,11916
2019-06-30,"Angola, IN","IN",557,1108,-0.0107142857142857,-0.0151111111111111,-0.0297723292469352,13585
2019-06-30,"Dodge City, KS","KS",558,860,0.00116414435389988,0.00233100233100233,-0.0337078651685393,8516
2019-06-30,"Emporia, KS","KS",559,772,0.00651890482398957,0.0157894736842105,0.0225165562913907,10078
2019-06-30,"Jackson, OH","OH",560,928,0.0175438596491228,0.0345596432552954,0.0956316410861865,5698
2019-06-30,"Taos, NM","NM",561,1255,-0.00317712470214456,-0.00790513833992095,0.00803212851405622,15309
2019-06-30,"Malvern, AR","AR",562,879,0.00228050171037628,0.00342465753424658,0.0292740046838408,8354
2019-06-30,"Troy, AL","AL",563,982,-0.00607287449392712,-0.00908173562058527,0.0144628099173554,5883
2019-06-30,"Cambridge, MD","MD",564,1329,0.00150715900527506,-0.00150262960180316,0.0334370139968896,20451
2019-06-30,"Vernal, UT","UT",565,925,0.0142543859649123,0.0312151616499443,0.0323660714285714,9926
2019-06-30,"Kingsville, TX","TX",566,1127,0.00805008944543828,0.00805008944543828,0.0503261882572227,6437
2019-06-30,"Madison, IN","IN",567,973,0.018848167539267,0.0417558886509636,0.0384204909284952,9502
2019-06-30,"Hastings, NE","NE",568,1014,-0.0136186770428016,-0.0451977401129944,-0.0954504906333631,8522
2019-06-30,"Albert Lea, MN","MN",569,972,-0.0181818181818182,-0.0470588235294118,-0.0581395348837209,13504
2019-06-30,"Lincoln, IL","IL",570,969,0,0.00103305785123967,0.02,8823
2019-06-30,"Jesup, GA","GA",571,1076,0.00654817586529467,0.0112781954887218,0.0456754130223518,6557
2019-06-30,"Alpena, MI","MI",572,870,-0.00684931506849315,-0.0136054421768707,0.0271546635182999,16712
2019-06-30,"Silver City, NM","NM",573,900,-0.0153172866520788,-0.0394877267876201,0.139240506329114,8367
2019-06-30,"Washington Court House, OH","OH",574,986,0.00612244897959184,0.0123203285420945,0.023883696780893,8105
2019-06-30,"Van Wert, OH","OH",575,961,0.00839454354669465,0.0234291799787007,0.0713489409141583,9030
2019-06-30,"Ludington, MI","MI",576,1012,0.00496524329692155,0.00297324083250743,0.0181086519114688,16204
2019-06-30,"Hays, KS","KS",577,1117,0.00359389038634322,-0.00178731009830206,0.0191605839416058,8852
2019-06-30,"Hailey, ID","ID",578,1491,-0.00798403193612774,-0.0106171201061712,-0.00200803212851406,12128
2019-06-30,"Great Bend, KS","KS",579,691,-0.0226308345120226,-0.0482093663911846,-0.0786666666666667,9750
2019-06-30,"Weatherford, OK","OK",580,949,0.00529661016949152,0.0304017372421281,0.0315217391304348,8686
2019-06-30,"Grants, NM","NM",581,928,-0.0200633579725449,-0.0482051282051282,0,4122
2019-06-30,"Thomaston, GA","GA",582,931,0.0130576713819369,0.03559510567297,0.0965842167255595,9706
2019-06-30,"Mountain Home, ID","ID",583,1064,0.0094876660341556,0.0123691722169363,0.0682730923694779,9863
2019-06-30,"Altus, OK","OK",584,683,0.0163690476190476,0.0209267563527653,-0.0434173669467787,9279
2019-06-30,"Toccoa, GA","GA",585,1128,0.0162162162162162,0.0425138632162662,0.116831683168317,8240
2019-06-30,"Ottawa, KS","KS",586,934,-0.00426439232409382,-0.010593220338983,-0.0321243523316062,7426
2019-06-30,"Marshall, MN","MN",587,1106,-0.028972783143108,-0.0658783783783784,-0.035745422842197,8224
2019-06-30,"La Grande, OR","OR",588,1290,-0.0337078651685393,-0.0521675238795004,0.015748031496063,7255
2019-06-30,"Greensburg, IN","IN",589,1043,0.0136054421768707,0.0275862068965517,0.0336967294350842,8611
2019-06-30,"Mexico, MO","MO",590,856,-0.0126874279123414,-0.0294784580498866,-0.00233100233100233,7951
2019-06-30,"Moberly, MO","MO",591,855,-0.00465657741559953,-0.0115606936416185,0.0154394299287411,6908
2019-06-30,"The Dalles, OR","OR",592,1515,0.00132187706543291,0.0033112582781457,0.0836909871244635,8074
2019-06-30,"Deming, NM","NM",593,862,-0.0390189520624303,-0.0820021299254526,0.0348139255702281,5322
2019-06-30,"Fallon, NV","NV",594,1422,0.00994318181818182,0.021551724137931,0.10061919504644,5959
2019-06-30,"Fredericksburg, TX","TX",595,1655,-0.00421179302045728,-0.00898203592814371,-0.00180940892641737,5611
2019-06-30,"Campbellsville, KY","KY",596,910,-0.0140845070422535,-0.0319148936170213,0.047180667433832,7020
2019-06-30,"Connersville, IN","IN",597,776,0.0170380078636959,0.0388219544846051,0.106990014265335,8461
2019-06-30,"Cordele, GA","GA",598,970,0.0157068062827225,0.0407725321888412,0.0777777777777778,4925
2019-06-30,"Wahpeton, ND","ND",599,962,-0.0522167487684729,-0.0975609756097561,-0.0705314009661836,8653
2019-06-30,"Mitchell, SD","SD",600,930,-0.0422245108135942,-0.100580270793037,-0.149908592321755,6256
2019-06-30,"Pampa, TX","TX",601,1003,0.0110887096774194,0.0151821862348178,0.003,6170
2019-06-30,"Brookings, OR","OR",602,1500,-0.0099009900990099,-0.0202482037883736,0.00806451612903226,8336
2019-06-30,"Hood River, OR","OR",603,1815,-0.00547945205479452,-0.0135869565217391,0.0134003350083752,7304
2019-06-30,"Beatrice, NE","NE",604,1023,-0.0153994225216554,-0.0430308699719364,-0.0792079207920792,6497
2019-06-30,"Elk City, OK","OK",605,854,0.00470588235294118,0.00588928150765607,0.0154577883472057,6658
2019-06-30,"Dumas, TX","TX",606,1102,0.0308699719363891,0.0709426627793975,0.0565675934803452,5407
2019-06-30,"Price, UT","UT",607,1093,-0.00816696914700544,-0.0249776984834969,0.140918580375783,7239
2019-06-30,"Worthington, MN","MN",608,1009,-0.0307396733909702,-0.0657407407407407,0.0161127895266868,5621
2019-06-30,"Pierre, SD","SD",609,1194,-0.005,-0.00912863070539419,-0.00582847626977519,5067
2019-06-30,"Prineville, OR","OR",610,1414,-0.0139470013947001,-0.0315068493150685,0.00212615166548547,7355
2019-06-30,"Woodward, OK","OK",611,909,-0.00547045951859956,-0.00438116100766703,-0.0257234726688103,6937
2019-06-30,"Othello, WA","WA",612,1322,0.0208494208494209,0.0525477707006369,0.0567545963229416,3356
2019-06-30,"Los Alamos, NM","NM",613,1484,0.0108991825613079,0.0298403886190146,0.0150478796169631,7790
2019-06-30,"Atchison, KS","KS",614,874,0.0186480186480186,0.036773428232503,0.036773428232503,6497
2019-06-30,"Snyder, TX","TX",615,1031,0.0187747035573123,0.0403632694248234,0.0414141414141414,4812
2019-06-30,"Fairfield, IA","IA",616,908,-0.0151843817787419,-0.0391534391534392,-0.0753564154786151,4186
2019-06-30,"Winnemucca, NV","NV",617,1425,0.0185847033595425,0.0485651214128035,0.122931442080378,2498
2019-06-30,"Sweetwater, TX","TX",618,993,0.00303030303030303,0.0122324159021407,0.0226570545829042,5346
2019-06-30,"Andrews, TX","TX",619,1309,0.0178849144634526,0.0430278884462151,0.0347826086956522,3766
2019-06-30,"Pecos, TX","TX",620,1066,0.028957528957529,0.0681362725450902,0.109261186264308,2374
2019-06-30,"Vernon, TX","TX",621,1001,0.0152129817444219,0.0256147540983607,0.0319587628865979,4101
